image name,linear_speed_x,angular_speed_z,is_turning
rivian1-00044_brightness_0.jpg,0.3,-0.8,
rivian1-00044_blur_0.jpg,0.3,0.8,
rivian1-00044_brightness_1.jpg,0.3,-0.8,
rivian1-00044_blur_1.jpg,0.3,0.8,
rivian1-00045_brightness_0.jpg,0.3,-0.8,
rivian1-00045_blur_0.jpg,0.3,0.8,
rivian1-00045_brightness_1.jpg,0.3,-0.8,
rivian1-00045_blur_1.jpg,0.3,0.8,
rivian1-00046_brightness_0.jpg,0.3,-0.8,
rivian1-00046_blur_0.jpg,0.3,0.8,
rivian1-00046_brightness_1.jpg,0.3,-0.8,
rivian1-00046_blur_1.jpg,0.3,0.8,
rivian1-00047_brightness_0.jpg,0.3,-0.8,
rivian1-00047_blur_0.jpg,0.3,0.8,
rivian1-00047_brightness_1.jpg,0.3,-0.8,
rivian1-00047_blur_1.jpg,0.3,0.8,
rivian1-00048_brightness_0.jpg,0.3,-0.8,
rivian1-00048_blur_0.jpg,0.3,0.8,
rivian1-00048_brightness_1.jpg,0.3,-0.8,
rivian1-00048_blur_1.jpg,0.3,0.8,
rivian1-00049_brightness_0.jpg,0.3,-0.8,
rivian1-00049_blur_0.jpg,0.3,0.8,
rivian1-00049_brightness_1.jpg,0.3,-0.8,
rivian1-00049_blur_1.jpg,0.3,0.8,
rivian1-00050_brightness_0.jpg,0.3,-0.8,
rivian1-00050_blur_0.jpg,0.3,0.8,
rivian1-00050_brightness_1.jpg,0.3,-0.8,
rivian1-00050_blur_1.jpg,0.3,0.8,
rivian1-00051_brightness_0.jpg,0.3,-0.8,
rivian1-00051_blur_0.jpg,0.3,0.8,
rivian1-00051_brightness_1.jpg,0.3,-0.8,
rivian1-00051_blur_1.jpg,0.3,0.8,
rivian1-00052_brightness_0.jpg,0.3,-0.8,
rivian1-00052_blur_0.jpg,0.3,0.8,
rivian1-00052_brightness_1.jpg,0.3,-0.8,
rivian1-00052_blur_1.jpg,0.3,0.8,
rivian1-00053_brightness_0.jpg,0.3,-0.8,
rivian1-00053_blur_0.jpg,0.3,0.8,
rivian1-00053_brightness_1.jpg,0.3,-0.8,
rivian1-00053_blur_1.jpg,0.3,0.8,
rivian1-00060_brightness_0.jpg,0.3,0.8,
rivian1-00060_blur_0.jpg,0.3,-0.8,
rivian1-00060_brightness_1.jpg,0.3,0.8,
rivian1-00060_blur_1.jpg,0.3,-0.8,
rivian1-00061_brightness_0.jpg,0.3,0.8,
rivian1-00061_blur_0.jpg,0.3,-0.8,
rivian1-00061_brightness_1.jpg,0.3,0.8,
rivian1-00061_blur_1.jpg,0.3,-0.8,
rivian1-00062_brightness_0.jpg,0.3,0.8,
rivian1-00062_blur_0.jpg,0.3,-0.8,
rivian1-00062_brightness_1.jpg,0.3,0.8,
rivian1-00062_blur_1.jpg,0.3,-0.8,
rivian1-00063_brightness_0.jpg,0.3,0.8,
rivian1-00063_blur_0.jpg,0.3,-0.8,
rivian1-00063_brightness_1.jpg,0.3,0.8,
rivian1-00063_blur_1.jpg,0.3,-0.8,
rivian1-00104_brightness_0.jpg,0.3,0.8,
rivian1-00104_blur_0.jpg,0.3,-0.8,
rivian1-00104_brightness_1.jpg,0.3,0.8,
rivian1-00104_blur_1.jpg,0.3,-0.8,
rivian1-00105_brightness_0.jpg,0.3,0.8,
rivian1-00105_blur_0.jpg,0.3,-0.8,
rivian1-00105_brightness_1.jpg,0.3,0.8,
rivian1-00105_blur_1.jpg,0.3,-0.8,
rivian1-00106_brightness_0.jpg,0.3,0.8,
rivian1-00106_blur_0.jpg,0.3,-0.8,
rivian1-00106_brightness_1.jpg,0.3,0.8,
rivian1-00106_blur_1.jpg,0.3,-0.8,
rivian1-00107_brightness_0.jpg,0.3,0.8,
rivian1-00107_blur_0.jpg,0.3,-0.8,
rivian1-00107_brightness_1.jpg,0.3,0.8,
rivian1-00107_blur_1.jpg,0.3,-0.8,
rivian1-00108_brightness_0.jpg,0.3,0.8,
rivian1-00108_blur_0.jpg,0.3,-0.8,
rivian1-00108_brightness_1.jpg,0.3,0.8,
rivian1-00108_blur_1.jpg,0.3,-0.8,
rivian1-00109_brightness_0.jpg,0.3,0.8,
rivian1-00109_blur_0.jpg,0.3,-0.8,
rivian1-00109_brightness_1.jpg,0.3,0.8,
rivian1-00109_blur_1.jpg,0.3,-0.8,
rivian1-00110_brightness_0.jpg,0.3,0.8,
rivian1-00110_blur_0.jpg,0.3,-0.8,
rivian1-00110_brightness_1.jpg,0.3,0.8,
rivian1-00110_blur_1.jpg,0.3,-0.8,
rivian1-00111_brightness_0.jpg,0.3,0.8,
rivian1-00111_blur_0.jpg,0.3,-0.8,
rivian1-00111_brightness_1.jpg,0.3,0.8,
rivian1-00111_blur_1.jpg,0.3,-0.8,
rivian1-00112_brightness_0.jpg,0.3,0.8,
rivian1-00112_blur_0.jpg,0.3,-0.8,
rivian1-00112_brightness_1.jpg,0.3,0.8,
rivian1-00112_blur_1.jpg,0.3,-0.8,
rivian1-00113_brightness_0.jpg,0.3,0.8,
rivian1-00113_blur_0.jpg,0.3,-0.8,
rivian1-00113_brightness_1.jpg,0.3,0.8,
rivian1-00113_blur_1.jpg,0.3,-0.8,
rivian1-00120_brightness_0.jpg,0.3,-0.8,
rivian1-00120_blur_0.jpg,0.3,0.8,
rivian1-00120_brightness_1.jpg,0.3,-0.8,
rivian1-00120_blur_1.jpg,0.3,0.8,
rivian1-00121_brightness_0.jpg,0.3,-0.8,
rivian1-00121_blur_0.jpg,0.3,0.8,
rivian1-00121_brightness_1.jpg,0.3,-0.8,
rivian1-00121_blur_1.jpg,0.3,0.8,
rivian1-00122_brightness_0.jpg,0.3,-0.8,
rivian1-00122_blur_0.jpg,0.3,0.8,
rivian1-00122_brightness_1.jpg,0.3,-0.8,
rivian1-00122_blur_1.jpg,0.3,0.8,
rivian1-00123_brightness_0.jpg,0.3,-0.8,
rivian1-00123_blur_0.jpg,0.3,0.8,
rivian1-00123_brightness_1.jpg,0.3,-0.8,
rivian1-00123_blur_1.jpg,0.3,0.8,
rivian1-00172_brightness_0.jpg,0.3,-0.8,
rivian1-00172_blur_0.jpg,0.3,0.8,
rivian1-00172_brightness_1.jpg,0.3,-0.8,
rivian1-00172_blur_1.jpg,0.3,0.8,
rivian1-00173_brightness_0.jpg,0.3,-0.8,
rivian1-00173_blur_0.jpg,0.3,0.8,
rivian1-00173_brightness_1.jpg,0.3,-0.8,
rivian1-00173_blur_1.jpg,0.3,0.8,
rivian1-00174_brightness_0.jpg,0.3,-0.8,
rivian1-00174_blur_0.jpg,0.3,0.8,
rivian1-00174_brightness_1.jpg,0.3,-0.8,
rivian1-00174_blur_1.jpg,0.3,0.8,
rivian1-00175_brightness_0.jpg,0.3,-0.8,
rivian1-00175_blur_0.jpg,0.3,0.8,
rivian1-00175_brightness_1.jpg,0.3,-0.8,
rivian1-00175_blur_1.jpg,0.3,0.8,
rivian1-00176_brightness_0.jpg,0.3,-0.8,
rivian1-00176_blur_0.jpg,0.3,0.8,
rivian1-00176_brightness_1.jpg,0.3,-0.8,
rivian1-00176_blur_1.jpg,0.3,0.8,
rivian1-00177_brightness_0.jpg,0.3,-0.8,
rivian1-00177_blur_0.jpg,0.3,0.8,
rivian1-00177_brightness_1.jpg,0.3,-0.8,
rivian1-00177_blur_1.jpg,0.3,0.8,
rivian1-00178_brightness_0.jpg,0.3,-0.8,
rivian1-00178_blur_0.jpg,0.3,0.8,
rivian1-00178_brightness_1.jpg,0.3,-0.8,
rivian1-00178_blur_1.jpg,0.3,0.8,
rivian1-00179_brightness_0.jpg,0.3,-0.8,
rivian1-00179_blur_0.jpg,0.3,0.8,
rivian1-00179_brightness_1.jpg,0.3,-0.8,
rivian1-00179_blur_1.jpg,0.3,0.8,
rivian1-00180_brightness_0.jpg,0.3,-0.8,
rivian1-00180_blur_0.jpg,0.3,0.8,
rivian1-00180_brightness_1.jpg,0.3,-0.8,
rivian1-00180_blur_1.jpg,0.3,0.8,
rivian1-00185_brightness_0.jpg,0.3,0.8,
rivian1-00185_blur_0.jpg,0.3,-0.8,
rivian1-00185_brightness_1.jpg,0.3,0.8,
rivian1-00185_blur_1.jpg,0.3,-0.8,
rivian1-00186_brightness_0.jpg,0.3,0.8,
rivian1-00186_blur_0.jpg,0.3,-0.8,
rivian1-00186_brightness_1.jpg,0.3,0.8,
rivian1-00186_blur_1.jpg,0.3,-0.8,
rivian1-00187_brightness_0.jpg,0.3,0.8,
rivian1-00187_blur_0.jpg,0.3,-0.8,
rivian1-00187_brightness_1.jpg,0.3,0.8,
rivian1-00187_blur_1.jpg,0.3,-0.8,
rivian1-00188_brightness_0.jpg,0.3,0.8,
rivian1-00188_blur_0.jpg,0.3,-0.8,
rivian1-00188_brightness_1.jpg,0.3,0.8,
rivian1-00188_blur_1.jpg,0.3,-0.8,
rivian1-00204_brightness_0.jpg,0.3,0.8,
rivian1-00204_blur_0.jpg,0.3,-0.8,
rivian1-00204_brightness_1.jpg,0.3,0.8,
rivian1-00204_blur_1.jpg,0.3,-0.8,
rivian1-00205_brightness_0.jpg,0.3,0.8,
rivian1-00205_blur_0.jpg,0.3,-0.8,
rivian1-00205_brightness_1.jpg,0.3,0.8,
rivian1-00205_blur_1.jpg,0.3,-0.8,
rivian1-00206_brightness_0.jpg,0.3,0.8,
rivian1-00206_blur_0.jpg,0.3,-0.8,
rivian1-00206_brightness_1.jpg,0.3,0.8,
rivian1-00206_blur_1.jpg,0.3,-0.8,
rivian1-00237_brightness_0.jpg,0.3,0.8,
rivian1-00237_blur_0.jpg,0.3,-0.8,
rivian1-00237_brightness_1.jpg,0.3,0.8,
rivian1-00237_blur_1.jpg,0.3,-0.8,
rivian1-00333_brightness_0.jpg,0.3,-0.8,
rivian1-00333_blur_0.jpg,0.3,0.8,
rivian1-00333_brightness_1.jpg,0.3,-0.8,
rivian1-00333_blur_1.jpg,0.3,0.8,
rivian1-00334_brightness_0.jpg,0.3,-0.8,
rivian1-00334_blur_0.jpg,0.3,0.8,
rivian1-00334_brightness_1.jpg,0.3,-0.8,
rivian1-00334_blur_1.jpg,0.3,0.8,
rivian1-00335_brightness_0.jpg,0.3,-0.8,
rivian1-00335_blur_0.jpg,0.3,0.8,
rivian1-00335_brightness_1.jpg,0.3,-0.8,
rivian1-00335_blur_1.jpg,0.3,0.8,
rivian1-00336_brightness_0.jpg,0.3,-0.8,
rivian1-00336_blur_0.jpg,0.3,0.8,
rivian1-00336_brightness_1.jpg,0.3,-0.8,
rivian1-00336_blur_1.jpg,0.3,0.8,
rivian1-00337_brightness_0.jpg,0.3,-0.8,
rivian1-00337_blur_0.jpg,0.3,0.8,
rivian1-00337_brightness_1.jpg,0.3,-0.8,
rivian1-00337_blur_1.jpg,0.3,0.8,
rivian1-00338_brightness_0.jpg,0.3,-0.8,
rivian1-00338_blur_0.jpg,0.3,0.8,
rivian1-00338_brightness_1.jpg,0.3,-0.8,
rivian1-00338_blur_1.jpg,0.3,0.8,
rivian1-00339_brightness_0.jpg,0.3,-0.8,
rivian1-00339_blur_0.jpg,0.3,0.8,
rivian1-00339_brightness_1.jpg,0.3,-0.8,
rivian1-00339_blur_1.jpg,0.3,0.8,
rivian1-00340_brightness_0.jpg,0.3,-0.8,
rivian1-00340_blur_0.jpg,0.3,0.8,
rivian1-00340_brightness_1.jpg,0.3,-0.8,
rivian1-00340_blur_1.jpg,0.3,0.8,
rivian1-00348_brightness_0.jpg,0.3,0.8,
rivian1-00348_blur_0.jpg,0.3,-0.8,
rivian1-00348_brightness_1.jpg,0.3,0.8,
rivian1-00348_blur_1.jpg,0.3,-0.8,
rivian1-00349_brightness_0.jpg,0.3,0.8,
rivian1-00349_blur_0.jpg,0.3,-0.8,
rivian1-00349_brightness_1.jpg,0.3,0.8,
rivian1-00349_blur_1.jpg,0.3,-0.8,
rivian1-00415_brightness_0.jpg,0.3,0.8,
rivian1-00415_blur_0.jpg,0.3,-0.8,
rivian1-00415_brightness_1.jpg,0.3,0.8,
rivian1-00415_blur_1.jpg,0.3,-0.8,
rivian1-00416_brightness_0.jpg,0.3,0.8,
rivian1-00416_blur_0.jpg,0.3,-0.8,
rivian1-00416_brightness_1.jpg,0.3,0.8,
rivian1-00416_blur_1.jpg,0.3,-0.8,
rivian1-00417_brightness_0.jpg,0.3,0.8,
rivian1-00417_blur_0.jpg,0.3,-0.8,
rivian1-00417_brightness_1.jpg,0.3,0.8,
rivian1-00417_blur_1.jpg,0.3,-0.8,
rivian1-00421_brightness_0.jpg,0.3,0.8,
rivian1-00421_blur_0.jpg,0.3,-0.8,
rivian1-00421_brightness_1.jpg,0.3,0.8,
rivian1-00421_blur_1.jpg,0.3,-0.8,
rivian1-00422_brightness_0.jpg,0.3,0.8,
rivian1-00422_blur_0.jpg,0.3,-0.8,
rivian1-00422_brightness_1.jpg,0.3,0.8,
rivian1-00422_blur_1.jpg,0.3,-0.8,
rivian1-00457_brightness_0.jpg,0.3,0.8,
rivian1-00457_blur_0.jpg,0.3,-0.8,
rivian1-00457_brightness_1.jpg,0.3,0.8,
rivian1-00457_blur_1.jpg,0.3,-0.8,
rivian1-00458_brightness_0.jpg,0.3,0.8,
rivian1-00458_blur_0.jpg,0.3,-0.8,
rivian1-00458_brightness_1.jpg,0.3,0.8,
rivian1-00458_blur_1.jpg,0.3,-0.8,
rivian1-00459_brightness_0.jpg,0.3,0.8,
rivian1-00459_blur_0.jpg,0.3,-0.8,
rivian1-00459_brightness_1.jpg,0.3,0.8,
rivian1-00459_blur_1.jpg,0.3,-0.8,
rivian1-00460_brightness_0.jpg,0.3,0.8,
rivian1-00460_blur_0.jpg,0.3,-0.8,
rivian1-00460_brightness_1.jpg,0.3,0.8,
rivian1-00460_blur_1.jpg,0.3,-0.8,
rivian1-00461_brightness_0.jpg,0.3,0.8,
rivian1-00461_blur_0.jpg,0.3,-0.8,
rivian1-00461_brightness_1.jpg,0.3,0.8,
rivian1-00461_blur_1.jpg,0.3,-0.8,
rivian1-00462_brightness_0.jpg,0.3,0.8,
rivian1-00462_blur_0.jpg,0.3,-0.8,
rivian1-00462_brightness_1.jpg,0.3,0.8,
rivian1-00462_blur_1.jpg,0.3,-0.8,
rivian1-00463_brightness_0.jpg,0.3,0.8,
rivian1-00463_blur_0.jpg,0.3,-0.8,
rivian1-00463_brightness_1.jpg,0.3,0.8,
rivian1-00463_blur_1.jpg,0.3,-0.8,
rivian1-00464_brightness_0.jpg,0.3,0.8,
rivian1-00464_blur_0.jpg,0.3,-0.8,
rivian1-00464_brightness_1.jpg,0.3,0.8,
rivian1-00464_blur_1.jpg,0.3,-0.8,
rivian1-00465_brightness_0.jpg,0.3,0.8,
rivian1-00465_blur_0.jpg,0.3,-0.8,
rivian1-00465_brightness_1.jpg,0.3,0.8,
rivian1-00465_blur_1.jpg,0.3,-0.8,
rivian1-00466_brightness_0.jpg,0.3,0.8,
rivian1-00466_blur_0.jpg,0.3,-0.8,
rivian1-00466_brightness_1.jpg,0.3,0.8,
rivian1-00466_blur_1.jpg,0.3,-0.8,
rivian1-00470_brightness_0.jpg,0.3,-0.8,
rivian1-00470_blur_0.jpg,0.3,0.8,
rivian1-00470_brightness_1.jpg,0.3,-0.8,
rivian1-00470_blur_1.jpg,0.3,0.8,
rivian1-00471_brightness_0.jpg,0.3,-0.8,
rivian1-00471_blur_0.jpg,0.3,0.8,
rivian1-00471_brightness_1.jpg,0.3,-0.8,
rivian1-00471_blur_1.jpg,0.3,0.8,
rivian1-00472_brightness_0.jpg,0.3,-0.8,
rivian1-00472_blur_0.jpg,0.3,0.8,
rivian1-00472_brightness_1.jpg,0.3,-0.8,
rivian1-00472_blur_1.jpg,0.3,0.8,
rivian1-00489_brightness_0.jpg,0.3,0.8,
rivian1-00489_blur_0.jpg,0.3,-0.8,
rivian1-00489_brightness_1.jpg,0.3,0.8,
rivian1-00489_blur_1.jpg,0.3,-0.8,
rivian1-00490_brightness_0.jpg,0.3,0.8,
rivian1-00490_blur_0.jpg,0.3,-0.8,
rivian1-00490_brightness_1.jpg,0.3,0.8,
rivian1-00490_blur_1.jpg,0.3,-0.8,
rivian1-00491_brightness_0.jpg,0.3,0.8,
rivian1-00491_blur_0.jpg,0.3,-0.8,
rivian1-00491_brightness_1.jpg,0.3,0.8,
rivian1-00491_blur_1.jpg,0.3,-0.8,
rivian1-00503_brightness_0.jpg,0.3,-0.8,
rivian1-00503_blur_0.jpg,0.3,0.8,
rivian1-00503_brightness_1.jpg,0.3,-0.8,
rivian1-00503_blur_1.jpg,0.3,0.8,
rivian1-00504_brightness_0.jpg,0.3,-0.8,
rivian1-00504_blur_0.jpg,0.3,0.8,
rivian1-00504_brightness_1.jpg,0.3,-0.8,
rivian1-00504_blur_1.jpg,0.3,0.8,
rivian1-00505_brightness_0.jpg,0.3,-0.8,
rivian1-00505_blur_0.jpg,0.3,0.8,
rivian1-00505_brightness_1.jpg,0.3,-0.8,
rivian1-00505_blur_1.jpg,0.3,0.8,
rivian1-00506_brightness_0.jpg,0.3,-0.8,
rivian1-00506_blur_0.jpg,0.3,0.8,
rivian1-00506_brightness_1.jpg,0.3,-0.8,
rivian1-00506_blur_1.jpg,0.3,0.8,
rivian1-00507_brightness_0.jpg,0.3,-0.8,
rivian1-00507_blur_0.jpg,0.3,0.8,
rivian1-00507_brightness_1.jpg,0.3,-0.8,
rivian1-00507_blur_1.jpg,0.3,0.8,
rivian1-00508_brightness_0.jpg,0.3,-0.8,
rivian1-00508_blur_0.jpg,0.3,0.8,
rivian1-00508_brightness_1.jpg,0.3,-0.8,
rivian1-00508_blur_1.jpg,0.3,0.8,
rivian1-00509_brightness_0.jpg,0.3,-0.8,
rivian1-00509_blur_0.jpg,0.3,0.8,
rivian1-00509_brightness_1.jpg,0.3,-0.8,
rivian1-00509_blur_1.jpg,0.3,0.8,
rivian1-00510_brightness_0.jpg,0.3,-0.8,
rivian1-00510_blur_0.jpg,0.3,0.8,
rivian1-00510_brightness_1.jpg,0.3,-0.8,
rivian1-00510_blur_1.jpg,0.3,0.8,
rivian1-00511_brightness_0.jpg,0.3,-0.8,
rivian1-00511_blur_0.jpg,0.3,0.8,
rivian1-00511_brightness_1.jpg,0.3,-0.8,
rivian1-00511_blur_1.jpg,0.3,0.8,
rivian1-00512_brightness_0.jpg,0.3,-0.8,
rivian1-00512_blur_0.jpg,0.3,0.8,
rivian1-00512_brightness_1.jpg,0.3,-0.8,
rivian1-00512_blur_1.jpg,0.3,0.8,
rivian1-00513_brightness_0.jpg,0.3,-0.8,
rivian1-00513_blur_0.jpg,0.3,0.8,
rivian1-00513_brightness_1.jpg,0.3,-0.8,
rivian1-00513_blur_1.jpg,0.3,0.8,
rivian1-00527_brightness_0.jpg,0.3,0.8,
rivian1-00527_blur_0.jpg,0.3,-0.8,
rivian1-00527_brightness_1.jpg,0.3,0.8,
rivian1-00527_blur_1.jpg,0.3,-0.8,
rivian1-00530_brightness_0.jpg,0.3,0.8,
rivian1-00530_blur_0.jpg,0.3,-0.8,
rivian1-00530_brightness_1.jpg,0.3,0.8,
rivian1-00530_blur_1.jpg,0.3,-0.8,
rivian1-00576_brightness_0.jpg,0.3,0.8,
rivian1-00576_blur_0.jpg,0.3,-0.8,
rivian1-00576_brightness_1.jpg,0.3,0.8,
rivian1-00576_blur_1.jpg,0.3,-0.8,
rivian1-00577_brightness_0.jpg,0.3,0.8,
rivian1-00577_blur_0.jpg,0.3,-0.8,
rivian1-00577_brightness_1.jpg,0.3,0.8,
rivian1-00577_blur_1.jpg,0.3,-0.8,
rivian1-00578_brightness_0.jpg,0.3,0.8,
rivian1-00578_blur_0.jpg,0.3,-0.8,
rivian1-00578_brightness_1.jpg,0.3,0.8,
rivian1-00578_blur_1.jpg,0.3,-0.8,
rivian1-00579_brightness_0.jpg,0.3,0.8,
rivian1-00579_blur_0.jpg,0.3,-0.8,
rivian1-00579_brightness_1.jpg,0.3,0.8,
rivian1-00579_blur_1.jpg,0.3,-0.8,
rivian1-00580_brightness_0.jpg,0.3,0.8,
rivian1-00580_blur_0.jpg,0.3,-0.8,
rivian1-00580_brightness_1.jpg,0.3,0.8,
rivian1-00580_blur_1.jpg,0.3,-0.8,
rivian1-00581_brightness_0.jpg,0.3,0.8,
rivian1-00581_blur_0.jpg,0.3,-0.8,
rivian1-00581_brightness_1.jpg,0.3,0.8,
rivian1-00581_blur_1.jpg,0.3,-0.8,
rivian1-00582_brightness_0.jpg,0.3,0.8,
rivian1-00582_blur_0.jpg,0.3,-0.8,
rivian1-00582_brightness_1.jpg,0.3,0.8,
rivian1-00582_blur_1.jpg,0.3,-0.8,
rivian1-00583_brightness_0.jpg,0.3,0.8,
rivian1-00583_blur_0.jpg,0.3,-0.8,
rivian1-00583_brightness_1.jpg,0.3,0.8,
rivian1-00583_blur_1.jpg,0.3,-0.8,
rivian1-00588_brightness_0.jpg,0.3,-0.8,
rivian1-00588_blur_0.jpg,0.3,0.8,
rivian1-00588_brightness_1.jpg,0.3,-0.8,
rivian1-00588_blur_1.jpg,0.3,0.8,
rivian1-00589_brightness_0.jpg,0.3,-0.8,
rivian1-00589_blur_0.jpg,0.3,0.8,
rivian1-00589_brightness_1.jpg,0.3,-0.8,
rivian1-00589_blur_1.jpg,0.3,0.8,
rivian1-00590_brightness_0.jpg,0.3,-0.8,
rivian1-00590_blur_0.jpg,0.3,0.8,
rivian1-00590_brightness_1.jpg,0.3,-0.8,
rivian1-00590_blur_1.jpg,0.3,0.8,
rivian1-00623_brightness_0.jpg,0.3,-0.8,
rivian1-00623_blur_0.jpg,0.3,0.8,
rivian1-00623_brightness_1.jpg,0.3,-0.8,
rivian1-00623_blur_1.jpg,0.3,0.8,
rivian1-00624_brightness_0.jpg,0.3,-0.8,
rivian1-00624_blur_0.jpg,0.3,0.8,
rivian1-00624_brightness_1.jpg,0.3,-0.8,
rivian1-00624_blur_1.jpg,0.3,0.8,
rivian1-00625_brightness_0.jpg,0.3,-0.8,
rivian1-00625_blur_0.jpg,0.3,0.8,
rivian1-00625_brightness_1.jpg,0.3,-0.8,
rivian1-00625_blur_1.jpg,0.3,0.8,
rivian1-00626_brightness_0.jpg,0.3,-0.8,
rivian1-00626_blur_0.jpg,0.3,0.8,
rivian1-00626_brightness_1.jpg,0.3,-0.8,
rivian1-00626_blur_1.jpg,0.3,0.8,
rivian1-00627_brightness_0.jpg,0.3,-0.8,
rivian1-00627_blur_0.jpg,0.3,0.8,
rivian1-00627_brightness_1.jpg,0.3,-0.8,
rivian1-00627_blur_1.jpg,0.3,0.8,
rivian1-00628_brightness_0.jpg,0.3,-0.8,
rivian1-00628_blur_0.jpg,0.3,0.8,
rivian1-00628_brightness_1.jpg,0.3,-0.8,
rivian1-00628_blur_1.jpg,0.3,0.8,
rivian1-00629_brightness_0.jpg,0.3,-0.8,
rivian1-00629_blur_0.jpg,0.3,0.8,
rivian1-00629_brightness_1.jpg,0.3,-0.8,
rivian1-00629_blur_1.jpg,0.3,0.8,
rivian1-00630_brightness_0.jpg,0.3,-0.8,
rivian1-00630_blur_0.jpg,0.3,0.8,
rivian1-00630_brightness_1.jpg,0.3,-0.8,
rivian1-00630_blur_1.jpg,0.3,0.8,
rivian1-00631_brightness_0.jpg,0.3,-0.8,
rivian1-00631_blur_0.jpg,0.3,0.8,
rivian1-00631_brightness_1.jpg,0.3,-0.8,
rivian1-00631_blur_1.jpg,0.3,0.8,
rivian1-00632_brightness_0.jpg,0.3,-0.8,
rivian1-00632_blur_0.jpg,0.3,0.8,
rivian1-00632_brightness_1.jpg,0.3,-0.8,
rivian1-00632_blur_1.jpg,0.3,0.8,
rivian1-00636_brightness_0.jpg,0.3,0.8,
rivian1-00636_blur_0.jpg,0.3,-0.8,
rivian1-00636_brightness_1.jpg,0.3,0.8,
rivian1-00636_blur_1.jpg,0.3,-0.8,
rivian1-00637_brightness_0.jpg,0.3,0.8,
rivian1-00637_blur_0.jpg,0.3,-0.8,
rivian1-00637_brightness_1.jpg,0.3,0.8,
rivian1-00637_blur_1.jpg,0.3,-0.8,
rivian1-00638_brightness_0.jpg,0.3,0.8,
rivian1-00638_blur_0.jpg,0.3,-0.8,
rivian1-00638_brightness_1.jpg,0.3,0.8,
rivian1-00638_blur_1.jpg,0.3,-0.8,
rivian1-00639_brightness_0.jpg,0.3,0.8,
rivian1-00639_blur_0.jpg,0.3,-0.8,
rivian1-00639_brightness_1.jpg,0.3,0.8,
rivian1-00639_blur_1.jpg,0.3,-0.8,
rivian1-00690_brightness_0.jpg,0.3,0.8,
rivian1-00690_blur_0.jpg,0.3,-0.8,
rivian1-00690_brightness_1.jpg,0.3,0.8,
rivian1-00690_blur_1.jpg,0.3,-0.8,
rivian1-00691_brightness_0.jpg,0.3,0.8,
rivian1-00691_blur_0.jpg,0.3,-0.8,
rivian1-00691_brightness_1.jpg,0.3,0.8,
rivian1-00691_blur_1.jpg,0.3,-0.8,
rivian1-00692_brightness_0.jpg,0.3,0.8,
rivian1-00692_blur_0.jpg,0.3,-0.8,
rivian1-00692_brightness_1.jpg,0.3,0.8,
rivian1-00692_blur_1.jpg,0.3,-0.8,
rivian1-00693_brightness_0.jpg,0.3,0.8,
rivian1-00693_blur_0.jpg,0.3,-0.8,
rivian1-00693_brightness_1.jpg,0.3,0.8,
rivian1-00693_blur_1.jpg,0.3,-0.8,
rivian1-00694_brightness_0.jpg,0.3,0.8,
rivian1-00694_blur_0.jpg,0.3,-0.8,
rivian1-00694_brightness_1.jpg,0.3,0.8,
rivian1-00694_blur_1.jpg,0.3,-0.8,
rivian1-00695_brightness_0.jpg,0.3,0.8,
rivian1-00695_blur_0.jpg,0.3,-0.8,
rivian1-00695_brightness_1.jpg,0.3,0.8,
rivian1-00695_blur_1.jpg,0.3,-0.8,
rivian1-00696_brightness_0.jpg,0.3,0.8,
rivian1-00696_blur_0.jpg,0.3,-0.8,
rivian1-00696_brightness_1.jpg,0.3,0.8,
rivian1-00696_blur_1.jpg,0.3,-0.8,
rivian1-00697_brightness_0.jpg,0.3,0.8,
rivian1-00697_blur_0.jpg,0.3,-0.8,
rivian1-00697_brightness_1.jpg,0.3,0.8,
rivian1-00697_blur_1.jpg,0.3,-0.8,
rivian1-00702_brightness_0.jpg,0.3,-0.8,
rivian1-00702_blur_0.jpg,0.3,0.8,
rivian1-00702_brightness_1.jpg,0.3,-0.8,
rivian1-00702_blur_1.jpg,0.3,0.8,
rivian1-00703_brightness_0.jpg,0.3,-0.8,
rivian1-00703_blur_0.jpg,0.3,0.8,
rivian1-00703_brightness_1.jpg,0.3,-0.8,
rivian1-00703_blur_1.jpg,0.3,0.8,
rivian1-00704_brightness_0.jpg,0.3,-0.8,
rivian1-00704_blur_0.jpg,0.3,0.8,
rivian1-00704_brightness_1.jpg,0.3,-0.8,
rivian1-00704_blur_1.jpg,0.3,0.8,
rivian1-00725_brightness_0.jpg,0.3,0.8,
rivian1-00725_blur_0.jpg,0.3,-0.8,
rivian1-00725_brightness_1.jpg,0.3,0.8,
rivian1-00725_blur_1.jpg,0.3,-0.8,
rivian1-00726_brightness_0.jpg,0.3,0.8,
rivian1-00726_blur_0.jpg,0.3,-0.8,
rivian1-00726_brightness_1.jpg,0.3,0.8,
rivian1-00726_blur_1.jpg,0.3,-0.8,
rivian1-00727_brightness_0.jpg,0.3,0.8,
rivian1-00727_blur_0.jpg,0.3,-0.8,
rivian1-00727_brightness_1.jpg,0.3,0.8,
rivian1-00727_blur_1.jpg,0.3,-0.8,
rivian1-00735_brightness_0.jpg,0.3,-0.8,
rivian1-00735_blur_0.jpg,0.3,0.8,
rivian1-00735_brightness_1.jpg,0.3,-0.8,
rivian1-00735_blur_1.jpg,0.3,0.8,
rivian1-00736_brightness_0.jpg,0.3,-0.8,
rivian1-00736_blur_0.jpg,0.3,0.8,
rivian1-00736_brightness_1.jpg,0.3,-0.8,
rivian1-00736_blur_1.jpg,0.3,0.8,
rivian1-00737_brightness_0.jpg,0.3,-0.8,
rivian1-00737_blur_0.jpg,0.3,0.8,
rivian1-00737_brightness_1.jpg,0.3,-0.8,
rivian1-00737_blur_1.jpg,0.3,0.8,
rivian1-00738_brightness_0.jpg,0.3,-0.8,
rivian1-00738_blur_0.jpg,0.3,0.8,
rivian1-00738_brightness_1.jpg,0.3,-0.8,
rivian1-00738_blur_1.jpg,0.3,0.8,
rivian1-00739_brightness_0.jpg,0.3,-0.8,
rivian1-00739_blur_0.jpg,0.3,0.8,
rivian1-00739_brightness_1.jpg,0.3,-0.8,
rivian1-00739_blur_1.jpg,0.3,0.8,
rivian1-00740_brightness_0.jpg,0.3,-0.8,
rivian1-00740_blur_0.jpg,0.3,0.8,
rivian1-00740_brightness_1.jpg,0.3,-0.8,
rivian1-00740_blur_1.jpg,0.3,0.8,
rivian1-00741_brightness_0.jpg,0.3,-0.8,
rivian1-00741_blur_0.jpg,0.3,0.8,
rivian1-00741_brightness_1.jpg,0.3,-0.8,
rivian1-00741_blur_1.jpg,0.3,0.8,
rivian1-00742_brightness_0.jpg,0.3,-0.8,
rivian1-00742_blur_0.jpg,0.3,0.8,
rivian1-00742_brightness_1.jpg,0.3,-0.8,
rivian1-00742_blur_1.jpg,0.3,0.8,
rivian1-00743_brightness_0.jpg,0.3,-0.8,
rivian1-00743_blur_0.jpg,0.3,0.8,
rivian1-00743_brightness_1.jpg,0.3,-0.8,
rivian1-00743_blur_1.jpg,0.3,0.8,
rivian1-00744_brightness_0.jpg,0.3,-0.8,
rivian1-00744_blur_0.jpg,0.3,0.8,
rivian1-00744_brightness_1.jpg,0.3,-0.8,
rivian1-00744_blur_1.jpg,0.3,0.8,
rivian1-00750_brightness_0.jpg,0.3,0.8,
rivian1-00750_blur_0.jpg,0.3,-0.8,
rivian1-00750_brightness_1.jpg,0.3,0.8,
rivian1-00750_blur_1.jpg,0.3,-0.8,
rivian1-00751_brightness_0.jpg,0.3,0.8,
rivian1-00751_blur_0.jpg,0.3,-0.8,
rivian1-00751_brightness_1.jpg,0.3,0.8,
rivian1-00751_blur_1.jpg,0.3,-0.8,
rivian1-00752_brightness_0.jpg,0.3,0.8,
rivian1-00752_blur_0.jpg,0.3,-0.8,
rivian1-00752_brightness_1.jpg,0.3,0.8,
rivian1-00752_blur_1.jpg,0.3,-0.8,
rivian1-00785_brightness_0.jpg,0.3,0.8,
rivian1-00785_blur_0.jpg,0.3,-0.8,
rivian1-00785_brightness_1.jpg,0.3,0.8,
rivian1-00785_blur_1.jpg,0.3,-0.8,
rivian1-00786_brightness_0.jpg,0.3,0.8,
rivian1-00786_blur_0.jpg,0.3,-0.8,
rivian1-00786_brightness_1.jpg,0.3,0.8,
rivian1-00786_blur_1.jpg,0.3,-0.8,
rivian1-00787_brightness_0.jpg,0.3,0.8,
rivian1-00787_blur_0.jpg,0.3,-0.8,
rivian1-00787_brightness_1.jpg,0.3,0.8,
rivian1-00787_blur_1.jpg,0.3,-0.8,
rivian1-00788_brightness_0.jpg,0.3,0.8,
rivian1-00788_blur_0.jpg,0.3,-0.8,
rivian1-00788_brightness_1.jpg,0.3,0.8,
rivian1-00788_blur_1.jpg,0.3,-0.8,
rivian1-00789_brightness_0.jpg,0.3,0.8,
rivian1-00789_blur_0.jpg,0.3,-0.8,
rivian1-00789_brightness_1.jpg,0.3,0.8,
rivian1-00789_blur_1.jpg,0.3,-0.8,
rivian1-00790_brightness_0.jpg,0.3,0.8,
rivian1-00790_blur_0.jpg,0.3,-0.8,
rivian1-00790_brightness_1.jpg,0.3,0.8,
rivian1-00790_blur_1.jpg,0.3,-0.8,
rivian1-00791_brightness_0.jpg,0.3,0.8,
rivian1-00791_blur_0.jpg,0.3,-0.8,
rivian1-00791_brightness_1.jpg,0.3,0.8,
rivian1-00791_blur_1.jpg,0.3,-0.8,
rivian1-00792_brightness_0.jpg,0.3,0.8,
rivian1-00792_blur_0.jpg,0.3,-0.8,
rivian1-00792_brightness_1.jpg,0.3,0.8,
rivian1-00792_blur_1.jpg,0.3,-0.8,
rivian1-00795_brightness_0.jpg,0.3,-0.8,
rivian1-00795_blur_0.jpg,0.3,0.8,
rivian1-00795_brightness_1.jpg,0.3,-0.8,
rivian1-00795_blur_1.jpg,0.3,0.8,
rivian1-00796_brightness_0.jpg,0.3,-0.8,
rivian1-00796_blur_0.jpg,0.3,0.8,
rivian1-00796_brightness_1.jpg,0.3,-0.8,
rivian1-00796_blur_1.jpg,0.3,0.8,
rivian1-00797_brightness_0.jpg,0.3,-0.8,
rivian1-00797_blur_0.jpg,0.3,0.8,
rivian1-00797_brightness_1.jpg,0.3,-0.8,
rivian1-00797_blur_1.jpg,0.3,0.8,
rivian1-00798_brightness_0.jpg,0.3,-0.8,
rivian1-00798_blur_0.jpg,0.3,0.8,
rivian1-00798_brightness_1.jpg,0.3,-0.8,
rivian1-00798_blur_1.jpg,0.3,0.8,
rivian1-00826_brightness_0.jpg,0.3,-0.8,
rivian1-00826_blur_0.jpg,0.3,0.8,
rivian1-00826_brightness_1.jpg,0.3,-0.8,
rivian1-00826_blur_1.jpg,0.3,0.8,
rivian1-00827_brightness_0.jpg,0.3,-0.8,
rivian1-00827_blur_0.jpg,0.3,0.8,
rivian1-00827_brightness_1.jpg,0.3,-0.8,
rivian1-00827_blur_1.jpg,0.3,0.8,
rivian1-00828_brightness_0.jpg,0.3,-0.8,
rivian1-00828_blur_0.jpg,0.3,0.8,
rivian1-00828_brightness_1.jpg,0.3,-0.8,
rivian1-00828_blur_1.jpg,0.3,0.8,
rivian1-00829_brightness_0.jpg,0.3,-0.8,
rivian1-00829_blur_0.jpg,0.3,0.8,
rivian1-00829_brightness_1.jpg,0.3,-0.8,
rivian1-00829_blur_1.jpg,0.3,0.8,
rivian1-00830_brightness_0.jpg,0.3,-0.8,
rivian1-00830_blur_0.jpg,0.3,0.8,
rivian1-00830_brightness_1.jpg,0.3,-0.8,
rivian1-00830_blur_1.jpg,0.3,0.8,
rivian1-00831_brightness_0.jpg,0.3,-0.8,
rivian1-00831_blur_0.jpg,0.3,0.8,
rivian1-00831_brightness_1.jpg,0.3,-0.8,
rivian1-00831_blur_1.jpg,0.3,0.8,
rivian1-00832_brightness_0.jpg,0.3,-0.8,
rivian1-00832_blur_0.jpg,0.3,0.8,
rivian1-00832_brightness_1.jpg,0.3,-0.8,
rivian1-00832_blur_1.jpg,0.3,0.8,
rivian1-00833_brightness_0.jpg,0.3,-0.8,
rivian1-00833_blur_0.jpg,0.3,0.8,
rivian1-00833_brightness_1.jpg,0.3,-0.8,
rivian1-00833_blur_1.jpg,0.3,0.8,
rivian1-00834_brightness_0.jpg,0.3,-0.8,
rivian1-00834_blur_0.jpg,0.3,0.8,
rivian1-00834_brightness_1.jpg,0.3,-0.8,
rivian1-00834_blur_1.jpg,0.3,0.8,
rivian1-00835_brightness_0.jpg,0.3,-0.8,
rivian1-00835_blur_0.jpg,0.3,0.8,
rivian1-00835_brightness_1.jpg,0.3,-0.8,
rivian1-00835_blur_1.jpg,0.3,0.8,
rivian1-00836_brightness_0.jpg,0.3,-0.8,
rivian1-00836_blur_0.jpg,0.3,0.8,
rivian1-00836_brightness_1.jpg,0.3,-0.8,
rivian1-00836_blur_1.jpg,0.3,0.8,
rivian1-00841_brightness_0.jpg,0.3,0.8,
rivian1-00841_blur_0.jpg,0.3,-0.8,
rivian1-00841_brightness_1.jpg,0.3,0.8,
rivian1-00841_blur_1.jpg,0.3,-0.8,
rivian1-00842_brightness_0.jpg,0.3,0.8,
rivian1-00842_blur_0.jpg,0.3,-0.8,
rivian1-00842_brightness_1.jpg,0.3,0.8,
rivian1-00842_blur_1.jpg,0.3,-0.8,
rivian1-00843_brightness_0.jpg,0.3,0.8,
rivian1-00843_blur_0.jpg,0.3,-0.8,
rivian1-00843_brightness_1.jpg,0.3,0.8,
rivian1-00843_blur_1.jpg,0.3,-0.8,
rivian1-00844_brightness_0.jpg,0.3,0.8,
rivian1-00844_blur_0.jpg,0.3,-0.8,
rivian1-00844_brightness_1.jpg,0.3,0.8,
rivian1-00844_blur_1.jpg,0.3,-0.8,
rivian1-00910_brightness_0.jpg,0.3,0.8,
rivian1-00910_blur_0.jpg,0.3,-0.8,
rivian1-00910_brightness_1.jpg,0.3,0.8,
rivian1-00910_blur_1.jpg,0.3,-0.8,
rivian1-00911_brightness_0.jpg,0.3,0.8,
rivian1-00911_blur_0.jpg,0.3,-0.8,
rivian1-00911_brightness_1.jpg,0.3,0.8,
rivian1-00911_blur_1.jpg,0.3,-0.8,
rivian1-00912_brightness_0.jpg,0.3,0.8,
rivian1-00912_blur_0.jpg,0.3,-0.8,
rivian1-00912_brightness_1.jpg,0.3,0.8,
rivian1-00912_blur_1.jpg,0.3,-0.8,
rivian1-00913_brightness_0.jpg,0.3,0.8,
rivian1-00913_blur_0.jpg,0.3,-0.8,
rivian1-00913_brightness_1.jpg,0.3,0.8,
rivian1-00913_blur_1.jpg,0.3,-0.8,
rivian1-00914_brightness_0.jpg,0.3,0.8,
rivian1-00914_blur_0.jpg,0.3,-0.8,
rivian1-00914_brightness_1.jpg,0.3,0.8,
rivian1-00914_blur_1.jpg,0.3,-0.8,
rivian1-00943_brightness_0.jpg,0.3,-0.8,
rivian1-00943_blur_0.jpg,0.3,0.8,
rivian1-00943_brightness_1.jpg,0.3,-0.8,
rivian1-00943_blur_1.jpg,0.3,0.8,
rivian1-00944_brightness_0.jpg,0.3,-0.8,
rivian1-00944_blur_0.jpg,0.3,0.8,
rivian1-00944_brightness_1.jpg,0.3,-0.8,
rivian1-00944_blur_1.jpg,0.3,0.8,
rivian1-00945_brightness_0.jpg,0.3,-0.8,
rivian1-00945_blur_0.jpg,0.3,0.8,
rivian1-00945_brightness_1.jpg,0.3,-0.8,
rivian1-00945_blur_1.jpg,0.3,0.8,
rivian1-00956_brightness_0.jpg,0.3,0.8,
rivian1-00956_blur_0.jpg,0.3,-0.8,
rivian1-00956_brightness_1.jpg,0.3,0.8,
rivian1-00956_blur_1.jpg,0.3,-0.8,
rivian1-00957_brightness_0.jpg,0.3,0.8,
rivian1-00957_blur_0.jpg,0.3,-0.8,
rivian1-00957_brightness_1.jpg,0.3,0.8,
rivian1-00957_blur_1.jpg,0.3,-0.8,
rivian1-00958_brightness_0.jpg,0.3,0.8,
rivian1-00958_blur_0.jpg,0.3,-0.8,
rivian1-00958_brightness_1.jpg,0.3,0.8,
rivian1-00958_blur_1.jpg,0.3,-0.8,
rivian1-00990_brightness_0.jpg,0.3,0.8,
rivian1-00990_blur_0.jpg,0.3,-0.8,
rivian1-00990_brightness_1.jpg,0.3,0.8,
rivian1-00990_blur_1.jpg,0.3,-0.8,
rivian1-00991_brightness_0.jpg,0.3,0.8,
rivian1-00991_blur_0.jpg,0.3,-0.8,
rivian1-00991_brightness_1.jpg,0.3,0.8,
rivian1-00991_blur_1.jpg,0.3,-0.8,
rivian1-00992_brightness_0.jpg,0.3,0.8,
rivian1-00992_blur_0.jpg,0.3,-0.8,
rivian1-00992_brightness_1.jpg,0.3,0.8,
rivian1-00992_blur_1.jpg,0.3,-0.8,
rivian1-00993_brightness_0.jpg,0.3,0.8,
rivian1-00993_blur_0.jpg,0.3,-0.8,
rivian1-00993_brightness_1.jpg,0.3,0.8,
rivian1-00993_blur_1.jpg,0.3,-0.8,
rivian1-00994_brightness_0.jpg,0.3,0.8,
rivian1-00994_blur_0.jpg,0.3,-0.8,
rivian1-00994_brightness_1.jpg,0.3,0.8,
rivian1-00994_blur_1.jpg,0.3,-0.8,
rivian1-00995_brightness_0.jpg,0.3,0.8,
rivian1-00995_blur_0.jpg,0.3,-0.8,
rivian1-00995_brightness_1.jpg,0.3,0.8,
rivian1-00995_blur_1.jpg,0.3,-0.8,
rivian1-00996_brightness_0.jpg,0.3,0.8,
rivian1-00996_blur_0.jpg,0.3,-0.8,
rivian1-00996_brightness_1.jpg,0.3,0.8,
rivian1-00996_blur_1.jpg,0.3,-0.8,
rivian1-00997_brightness_0.jpg,0.3,0.8,
rivian1-00997_blur_0.jpg,0.3,-0.8,
rivian1-00997_brightness_1.jpg,0.3,0.8,
rivian1-00997_blur_1.jpg,0.3,-0.8,
rivian1-00998_brightness_0.jpg,0.3,0.8,
rivian1-00998_blur_0.jpg,0.3,-0.8,
rivian1-00998_brightness_1.jpg,0.3,0.8,
rivian1-00998_blur_1.jpg,0.3,-0.8,
rivian1-00999_brightness_0.jpg,0.3,0.8,
rivian1-00999_blur_0.jpg,0.3,-0.8,
rivian1-00999_brightness_1.jpg,0.3,0.8,
rivian1-00999_blur_1.jpg,0.3,-0.8,
rivian1-01003_brightness_0.jpg,0.3,-0.8,
rivian1-01003_blur_0.jpg,0.3,0.8,
rivian1-01003_brightness_1.jpg,0.3,-0.8,
rivian1-01003_blur_1.jpg,0.3,0.8,
rivian1-01004_brightness_0.jpg,0.3,-0.8,
rivian1-01004_blur_0.jpg,0.3,0.8,
rivian1-01004_brightness_1.jpg,0.3,-0.8,
rivian1-01004_blur_1.jpg,0.3,0.8,
rivian1-01005_brightness_0.jpg,0.3,-0.8,
rivian1-01005_blur_0.jpg,0.3,0.8,
rivian1-01005_brightness_1.jpg,0.3,-0.8,
rivian1-01005_blur_1.jpg,0.3,0.8,
rivian1-01029_brightness_0.jpg,0.3,-0.8,
rivian1-01029_blur_0.jpg,0.3,0.8,
rivian1-01029_brightness_1.jpg,0.3,-0.8,
rivian1-01029_blur_1.jpg,0.3,0.8,
rivian1-01030_brightness_0.jpg,0.3,-0.8,
rivian1-01030_blur_0.jpg,0.3,0.8,
rivian1-01030_brightness_1.jpg,0.3,-0.8,
rivian1-01030_blur_1.jpg,0.3,0.8,
rivian1-01031_brightness_0.jpg,0.3,-0.8,
rivian1-01031_blur_0.jpg,0.3,0.8,
rivian1-01031_brightness_1.jpg,0.3,-0.8,
rivian1-01031_blur_1.jpg,0.3,0.8,
rivian1-01032_brightness_0.jpg,0.3,-0.8,
rivian1-01032_blur_0.jpg,0.3,0.8,
rivian1-01032_brightness_1.jpg,0.3,-0.8,
rivian1-01032_blur_1.jpg,0.3,0.8,
rivian1-01033_brightness_0.jpg,0.3,-0.8,
rivian1-01033_blur_0.jpg,0.3,0.8,
rivian1-01033_brightness_1.jpg,0.3,-0.8,
rivian1-01033_blur_1.jpg,0.3,0.8,
rivian1-01034_brightness_0.jpg,0.3,-0.8,
rivian1-01034_blur_0.jpg,0.3,0.8,
rivian1-01034_brightness_1.jpg,0.3,-0.8,
rivian1-01034_blur_1.jpg,0.3,0.8,
rivian1-01035_brightness_0.jpg,0.3,-0.8,
rivian1-01035_blur_0.jpg,0.3,0.8,
rivian1-01035_brightness_1.jpg,0.3,-0.8,
rivian1-01035_blur_1.jpg,0.3,0.8,
rivian1-01068_brightness_0.jpg,0.3,0.8,
rivian1-01068_blur_0.jpg,0.3,-0.8,
rivian1-01068_brightness_1.jpg,0.3,0.8,
rivian1-01068_blur_1.jpg,0.3,-0.8,
rivian1-01069_brightness_0.jpg,0.3,0.8,
rivian1-01069_blur_0.jpg,0.3,-0.8,
rivian1-01069_brightness_1.jpg,0.3,0.8,
rivian1-01069_blur_1.jpg,0.3,-0.8,
rivian1-01070_brightness_0.jpg,0.3,0.8,
rivian1-01070_blur_0.jpg,0.3,-0.8,
rivian1-01070_brightness_1.jpg,0.3,0.8,
rivian1-01070_blur_1.jpg,0.3,-0.8,
rivian1-01071_brightness_0.jpg,0.3,0.8,
rivian1-01071_blur_0.jpg,0.3,-0.8,
rivian1-01071_brightness_1.jpg,0.3,0.8,
rivian1-01071_blur_1.jpg,0.3,-0.8,
rivian1-01072_brightness_0.jpg,0.3,0.8,
rivian1-01072_blur_0.jpg,0.3,-0.8,
rivian1-01072_brightness_1.jpg,0.3,0.8,
rivian1-01072_blur_1.jpg,0.3,-0.8,
rivian1-01073_brightness_0.jpg,0.3,0.8,
rivian1-01073_blur_0.jpg,0.3,-0.8,
rivian1-01073_brightness_1.jpg,0.3,0.8,
rivian1-01073_blur_1.jpg,0.3,-0.8,
rivian1-01074_brightness_0.jpg,0.3,0.8,
rivian1-01074_blur_0.jpg,0.3,-0.8,
rivian1-01074_brightness_1.jpg,0.3,0.8,
rivian1-01074_blur_1.jpg,0.3,-0.8,
rivian1-01075_brightness_0.jpg,0.3,0.8,
rivian1-01075_blur_0.jpg,0.3,-0.8,
rivian1-01075_brightness_1.jpg,0.3,0.8,
rivian1-01075_blur_1.jpg,0.3,-0.8,
rivian1-01076_brightness_0.jpg,0.3,0.8,
rivian1-01076_blur_0.jpg,0.3,-0.8,
rivian1-01076_brightness_1.jpg,0.3,0.8,
rivian1-01076_blur_1.jpg,0.3,-0.8,
rivian1-01077_brightness_0.jpg,0.3,0.8,
rivian1-01077_blur_0.jpg,0.3,-0.8,
rivian1-01077_brightness_1.jpg,0.3,0.8,
rivian1-01077_blur_1.jpg,0.3,-0.8,
rivian1-01081_brightness_0.jpg,0.3,-0.8,
rivian1-01081_blur_0.jpg,0.3,0.8,
rivian1-01081_brightness_1.jpg,0.3,-0.8,
rivian1-01081_blur_1.jpg,0.3,0.8,
rivian1-01082_brightness_0.jpg,0.3,-0.8,
rivian1-01082_blur_0.jpg,0.3,0.8,
rivian1-01082_brightness_1.jpg,0.3,-0.8,
rivian1-01082_blur_1.jpg,0.3,0.8,
rivian1-01083_brightness_0.jpg,0.3,-0.8,
rivian1-01083_blur_0.jpg,0.3,0.8,
rivian1-01083_brightness_1.jpg,0.3,-0.8,
rivian1-01083_blur_1.jpg,0.3,0.8,
rivian1-01114_brightness_0.jpg,0.3,0.8,
rivian1-01114_blur_0.jpg,0.3,-0.8,
rivian1-01114_brightness_1.jpg,0.3,0.8,
rivian1-01114_blur_1.jpg,0.3,-0.8,
rivian1-01115_brightness_0.jpg,0.3,0.8,
rivian1-01115_blur_0.jpg,0.3,-0.8,
rivian1-01115_brightness_1.jpg,0.3,0.8,
rivian1-01115_blur_1.jpg,0.3,-0.8,
rivian1-01116_brightness_0.jpg,0.3,0.8,
rivian1-01116_blur_0.jpg,0.3,-0.8,
rivian1-01116_brightness_1.jpg,0.3,0.8,
rivian1-01116_blur_1.jpg,0.3,-0.8,
rivian1-01117_brightness_0.jpg,0.3,0.8,
rivian1-01117_blur_0.jpg,0.3,-0.8,
rivian1-01117_brightness_1.jpg,0.3,0.8,
rivian1-01117_blur_1.jpg,0.3,-0.8,
rivian1-01118_brightness_0.jpg,0.3,0.8,
rivian1-01118_blur_0.jpg,0.3,-0.8,
rivian1-01118_brightness_1.jpg,0.3,0.8,
rivian1-01118_blur_1.jpg,0.3,-0.8,
rivian1-01119_brightness_0.jpg,0.3,0.8,
rivian1-01119_blur_0.jpg,0.3,-0.8,
rivian1-01119_brightness_1.jpg,0.3,0.8,
rivian1-01119_blur_1.jpg,0.3,-0.8,
rivian1-01120_brightness_0.jpg,0.3,0.8,
rivian1-01120_blur_0.jpg,0.3,-0.8,
rivian1-01120_brightness_1.jpg,0.3,0.8,
rivian1-01120_blur_1.jpg,0.3,-0.8,
rivian1-01173_brightness_0.jpg,0.3,0.8,
rivian1-01173_blur_0.jpg,0.3,-0.8,
rivian1-01173_brightness_1.jpg,0.3,0.8,
rivian1-01173_blur_1.jpg,0.3,-0.8,
rivian1-01174_brightness_0.jpg,0.3,0.8,
rivian1-01174_blur_0.jpg,0.3,-0.8,
rivian1-01174_brightness_1.jpg,0.3,0.8,
rivian1-01174_blur_1.jpg,0.3,-0.8,
rivian1-01175_brightness_0.jpg,0.3,0.8,
rivian1-01175_blur_0.jpg,0.3,-0.8,
rivian1-01175_brightness_1.jpg,0.3,0.8,
rivian1-01175_blur_1.jpg,0.3,-0.8,
rivian1-01176_brightness_0.jpg,0.3,0.8,
rivian1-01176_blur_0.jpg,0.3,-0.8,
rivian1-01176_brightness_1.jpg,0.3,0.8,
rivian1-01176_blur_1.jpg,0.3,-0.8,
rivian1-01177_brightness_0.jpg,0.3,0.8,
rivian1-01177_blur_0.jpg,0.3,-0.8,
rivian1-01177_brightness_1.jpg,0.3,0.8,
rivian1-01177_blur_1.jpg,0.3,-0.8,
rivian1-01178_brightness_0.jpg,0.3,0.8,
rivian1-01178_blur_0.jpg,0.3,-0.8,
rivian1-01178_brightness_1.jpg,0.3,0.8,
rivian1-01178_blur_1.jpg,0.3,-0.8,
rivian1-01179_brightness_0.jpg,0.3,0.8,
rivian1-01179_blur_0.jpg,0.3,-0.8,
rivian1-01179_brightness_1.jpg,0.3,0.8,
rivian1-01179_blur_1.jpg,0.3,-0.8,
rivian1-01180_brightness_0.jpg,0.3,0.8,
rivian1-01180_blur_0.jpg,0.3,-0.8,
rivian1-01180_brightness_1.jpg,0.3,0.8,
rivian1-01180_blur_1.jpg,0.3,-0.8,
rivian1-01181_brightness_0.jpg,0.3,0.8,
rivian1-01181_blur_0.jpg,0.3,-0.8,
rivian1-01181_brightness_1.jpg,0.3,0.8,
rivian1-01181_blur_1.jpg,0.3,-0.8,
rivian1-01185_brightness_0.jpg,0.3,-0.8,
rivian1-01185_blur_0.jpg,0.3,0.8,
rivian1-01185_brightness_1.jpg,0.3,-0.8,
rivian1-01185_blur_1.jpg,0.3,0.8,
rivian1-01186_brightness_0.jpg,0.3,-0.8,
rivian1-01186_blur_0.jpg,0.3,0.8,
rivian1-01186_brightness_1.jpg,0.3,-0.8,
rivian1-01186_blur_1.jpg,0.3,0.8,
rivian1-01230_brightness_0.jpg,0.3,0.8,
rivian1-01230_blur_0.jpg,0.3,-0.8,
rivian1-01230_brightness_1.jpg,0.3,0.8,
rivian1-01230_blur_1.jpg,0.3,-0.8,
rivian1-01231_brightness_0.jpg,0.3,0.8,
rivian1-01231_blur_0.jpg,0.3,-0.8,
rivian1-01231_brightness_1.jpg,0.3,0.8,
rivian1-01231_blur_1.jpg,0.3,-0.8,
rivian1-01232_brightness_0.jpg,0.3,0.8,
rivian1-01232_blur_0.jpg,0.3,-0.8,
rivian1-01232_brightness_1.jpg,0.3,0.8,
rivian1-01232_blur_1.jpg,0.3,-0.8,
rivian1-01233_brightness_0.jpg,0.3,0.8,
rivian1-01233_blur_0.jpg,0.3,-0.8,
rivian1-01233_brightness_1.jpg,0.3,0.8,
rivian1-01233_blur_1.jpg,0.3,-0.8,
rivian1-01234_brightness_0.jpg,0.3,0.8,
rivian1-01234_blur_0.jpg,0.3,-0.8,
rivian1-01234_brightness_1.jpg,0.3,0.8,
rivian1-01234_blur_1.jpg,0.3,-0.8,
rivian1-01235_brightness_0.jpg,0.3,0.8,
rivian1-01235_blur_0.jpg,0.3,-0.8,
rivian1-01235_brightness_1.jpg,0.3,0.8,
rivian1-01235_blur_1.jpg,0.3,-0.8,
rivian1-01236_brightness_0.jpg,0.3,0.8,
rivian1-01236_blur_0.jpg,0.3,-0.8,
rivian1-01236_brightness_1.jpg,0.3,0.8,
rivian1-01236_blur_1.jpg,0.3,-0.8,
rivian1-01277_brightness_0.jpg,0.3,0.8,
rivian1-01277_blur_0.jpg,0.3,-0.8,
rivian1-01277_brightness_1.jpg,0.3,0.8,
rivian1-01277_blur_1.jpg,0.3,-0.8,
rivian1-01278_brightness_0.jpg,0.3,0.8,
rivian1-01278_blur_0.jpg,0.3,-0.8,
rivian1-01278_brightness_1.jpg,0.3,0.8,
rivian1-01278_blur_1.jpg,0.3,-0.8,
rivian1-01279_brightness_0.jpg,0.3,0.8,
rivian1-01279_blur_0.jpg,0.3,-0.8,
rivian1-01279_brightness_1.jpg,0.3,0.8,
rivian1-01279_blur_1.jpg,0.3,-0.8,
rivian1-01280_brightness_0.jpg,0.3,0.8,
rivian1-01280_blur_0.jpg,0.3,-0.8,
rivian1-01280_brightness_1.jpg,0.3,0.8,
rivian1-01280_blur_1.jpg,0.3,-0.8,
rivian1-01281_brightness_0.jpg,0.3,0.8,
rivian1-01281_blur_0.jpg,0.3,-0.8,
rivian1-01281_brightness_1.jpg,0.3,0.8,
rivian1-01281_blur_1.jpg,0.3,-0.8,
rivian1-01282_brightness_0.jpg,0.3,0.8,
rivian1-01282_blur_0.jpg,0.3,-0.8,
rivian1-01282_brightness_1.jpg,0.3,0.8,
rivian1-01282_blur_1.jpg,0.3,-0.8,
rivian1-01283_brightness_0.jpg,0.3,0.8,
rivian1-01283_blur_0.jpg,0.3,-0.8,
rivian1-01283_brightness_1.jpg,0.3,0.8,
rivian1-01283_blur_1.jpg,0.3,-0.8,
rivian1-01284_brightness_0.jpg,0.3,0.8,
rivian1-01284_blur_0.jpg,0.3,-0.8,
rivian1-01284_brightness_1.jpg,0.3,0.8,
rivian1-01284_blur_1.jpg,0.3,-0.8,
rivian1-01287_brightness_0.jpg,0.3,-0.8,
rivian1-01287_blur_0.jpg,0.3,0.8,
rivian1-01287_brightness_1.jpg,0.3,-0.8,
rivian1-01287_blur_1.jpg,0.3,0.8,
rivian1-01288_brightness_0.jpg,0.3,-0.8,
rivian1-01288_blur_0.jpg,0.3,0.8,
rivian1-01288_brightness_1.jpg,0.3,-0.8,
rivian1-01288_blur_1.jpg,0.3,0.8,
rivian1-01289_brightness_0.jpg,0.3,-0.8,
rivian1-01289_blur_0.jpg,0.3,0.8,
rivian1-01289_brightness_1.jpg,0.3,-0.8,
rivian1-01289_blur_1.jpg,0.3,0.8,
rivian1-01327_brightness_0.jpg,0.3,-0.8,
rivian1-01327_blur_0.jpg,0.3,0.8,
rivian1-01327_brightness_1.jpg,0.3,-0.8,
rivian1-01327_blur_1.jpg,0.3,0.8,
rivian1-01328_brightness_0.jpg,0.3,-0.8,
rivian1-01328_blur_0.jpg,0.3,0.8,
rivian1-01328_brightness_1.jpg,0.3,-0.8,
rivian1-01328_blur_1.jpg,0.3,0.8,
rivian1-01329_brightness_0.jpg,0.3,-0.8,
rivian1-01329_blur_0.jpg,0.3,0.8,
rivian1-01329_brightness_1.jpg,0.3,-0.8,
rivian1-01329_blur_1.jpg,0.3,0.8,
rivian1-01330_brightness_0.jpg,0.3,-0.8,
rivian1-01330_blur_0.jpg,0.3,0.8,
rivian1-01330_brightness_1.jpg,0.3,-0.8,
rivian1-01330_blur_1.jpg,0.3,0.8,
rivian1-01331_brightness_0.jpg,0.3,-0.8,
rivian1-01331_blur_0.jpg,0.3,0.8,
rivian1-01331_brightness_1.jpg,0.3,-0.8,
rivian1-01331_blur_1.jpg,0.3,0.8,
rivian1-01332_brightness_0.jpg,0.3,-0.8,
rivian1-01332_blur_0.jpg,0.3,0.8,
rivian1-01332_brightness_1.jpg,0.3,-0.8,
rivian1-01332_blur_1.jpg,0.3,0.8,
rivian1-01333_brightness_0.jpg,0.3,-0.8,
rivian1-01333_blur_0.jpg,0.3,0.8,
rivian1-01333_brightness_1.jpg,0.3,-0.8,
rivian1-01333_blur_1.jpg,0.3,0.8,
rivian1-01334_brightness_0.jpg,0.3,-0.8,
rivian1-01334_blur_0.jpg,0.3,0.8,
rivian1-01334_brightness_1.jpg,0.3,-0.8,
rivian1-01334_blur_1.jpg,0.3,0.8,
rivian1-01335_brightness_0.jpg,0.3,-0.8,
rivian1-01335_blur_0.jpg,0.3,0.8,
rivian1-01335_brightness_1.jpg,0.3,-0.8,
rivian1-01335_blur_1.jpg,0.3,0.8,
rivian1-01336_brightness_0.jpg,0.3,-0.8,
rivian1-01336_blur_0.jpg,0.3,0.8,
rivian1-01336_brightness_1.jpg,0.3,-0.8,
rivian1-01336_blur_1.jpg,0.3,0.8,
rivian1-01337_brightness_0.jpg,0.3,-0.8,
rivian1-01337_blur_0.jpg,0.3,0.8,
rivian1-01337_brightness_1.jpg,0.3,-0.8,
rivian1-01337_blur_1.jpg,0.3,0.8,
rivian1-01341_brightness_0.jpg,0.3,0.8,
rivian1-01341_blur_0.jpg,0.3,-0.8,
rivian1-01341_brightness_1.jpg,0.3,0.8,
rivian1-01341_blur_1.jpg,0.3,-0.8,
rivian1-01342_brightness_0.jpg,0.3,0.8,
rivian1-01342_blur_0.jpg,0.3,-0.8,
rivian1-01342_brightness_1.jpg,0.3,0.8,
rivian1-01342_blur_1.jpg,0.3,-0.8,
rivian1-01343_brightness_0.jpg,0.3,0.8,
rivian1-01343_blur_0.jpg,0.3,-0.8,
rivian1-01343_brightness_1.jpg,0.3,0.8,
rivian1-01343_blur_1.jpg,0.3,-0.8,
rivian1-01344_brightness_0.jpg,0.3,0.8,
rivian1-01344_blur_0.jpg,0.3,-0.8,
rivian1-01344_brightness_1.jpg,0.3,0.8,
rivian1-01344_blur_1.jpg,0.3,-0.8,
rivian1-01385_brightness_0.jpg,0.3,0.8,
rivian1-01385_blur_0.jpg,0.3,-0.8,
rivian1-01385_brightness_1.jpg,0.3,0.8,
rivian1-01385_blur_1.jpg,0.3,-0.8,
rivian1-01386_brightness_0.jpg,0.3,0.8,
rivian1-01386_blur_0.jpg,0.3,-0.8,
rivian1-01386_brightness_1.jpg,0.3,0.8,
rivian1-01386_blur_1.jpg,0.3,-0.8,
rivian1-01387_brightness_0.jpg,0.3,0.8,
rivian1-01387_blur_0.jpg,0.3,-0.8,
rivian1-01387_brightness_1.jpg,0.3,0.8,
rivian1-01387_blur_1.jpg,0.3,-0.8,
rivian1-01388_brightness_0.jpg,0.3,0.8,
rivian1-01388_blur_0.jpg,0.3,-0.8,
rivian1-01388_brightness_1.jpg,0.3,0.8,
rivian1-01388_blur_1.jpg,0.3,-0.8,
rivian1-01389_brightness_0.jpg,0.3,0.8,
rivian1-01389_blur_0.jpg,0.3,-0.8,
rivian1-01389_brightness_1.jpg,0.3,0.8,
rivian1-01389_blur_1.jpg,0.3,-0.8,
rivian1-01390_brightness_0.jpg,0.3,0.8,
rivian1-01390_blur_0.jpg,0.3,-0.8,
rivian1-01390_brightness_1.jpg,0.3,0.8,
rivian1-01390_blur_1.jpg,0.3,-0.8,
rivian1-01391_brightness_0.jpg,0.3,0.8,
rivian1-01391_blur_0.jpg,0.3,-0.8,
rivian1-01391_brightness_1.jpg,0.3,0.8,
rivian1-01391_blur_1.jpg,0.3,-0.8,
rivian1-01392_brightness_0.jpg,0.3,0.8,
rivian1-01392_blur_0.jpg,0.3,-0.8,
rivian1-01392_brightness_1.jpg,0.3,0.8,
rivian1-01392_blur_1.jpg,0.3,-0.8,
rivian1-01393_brightness_0.jpg,0.3,0.8,
rivian1-01393_blur_0.jpg,0.3,-0.8,
rivian1-01393_brightness_1.jpg,0.3,0.8,
rivian1-01393_blur_1.jpg,0.3,-0.8,
rivian1-01394_brightness_0.jpg,0.3,0.8,
rivian1-01394_blur_0.jpg,0.3,-0.8,
rivian1-01394_brightness_1.jpg,0.3,0.8,
rivian1-01394_blur_1.jpg,0.3,-0.8,
rivian1-01395_brightness_0.jpg,0.3,0.8,
rivian1-01395_blur_0.jpg,0.3,-0.8,
rivian1-01395_brightness_1.jpg,0.3,0.8,
rivian1-01395_blur_1.jpg,0.3,-0.8,
rivian1-01403_brightness_0.jpg,0.3,-0.8,
rivian1-01403_blur_0.jpg,0.3,0.8,
rivian1-01403_brightness_1.jpg,0.3,-0.8,
rivian1-01403_blur_1.jpg,0.3,0.8,
rivian1-01404_brightness_0.jpg,0.3,-0.8,
rivian1-01404_blur_0.jpg,0.3,0.8,
rivian1-01404_brightness_1.jpg,0.3,-0.8,
rivian1-01404_blur_1.jpg,0.3,0.8,
rivian1-01405_brightness_0.jpg,0.3,-0.8,
rivian1-01405_blur_0.jpg,0.3,0.8,
rivian1-01405_brightness_1.jpg,0.3,-0.8,
rivian1-01405_blur_1.jpg,0.3,0.8,
rivian1-01406_brightness_0.jpg,0.3,-0.8,
rivian1-01406_blur_0.jpg,0.3,0.8,
rivian1-01406_brightness_1.jpg,0.3,-0.8,
rivian1-01406_blur_1.jpg,0.3,0.8,
rivian1-01409_brightness_0.jpg,0.3,-0.8,
rivian1-01409_blur_0.jpg,0.3,0.8,
rivian1-01409_brightness_1.jpg,0.3,-0.8,
rivian1-01409_blur_1.jpg,0.3,0.8,
rivian1-01482_brightness_0.jpg,0.3,-0.8,
rivian1-01482_blur_0.jpg,0.3,0.8,
rivian1-01482_brightness_1.jpg,0.3,-0.8,
rivian1-01482_blur_1.jpg,0.3,0.8,
rivian1-01483_brightness_0.jpg,0.3,-0.8,
rivian1-01483_blur_0.jpg,0.3,0.8,
rivian1-01483_brightness_1.jpg,0.3,-0.8,
rivian1-01483_blur_1.jpg,0.3,0.8,
rivian1-01484_brightness_0.jpg,0.3,-0.8,
rivian1-01484_blur_0.jpg,0.3,0.8,
rivian1-01484_brightness_1.jpg,0.3,-0.8,
rivian1-01484_blur_1.jpg,0.3,0.8,
rivian1-01485_brightness_0.jpg,0.3,-0.8,
rivian1-01485_blur_0.jpg,0.3,0.8,
rivian1-01485_brightness_1.jpg,0.3,-0.8,
rivian1-01485_blur_1.jpg,0.3,0.8,
rivian1-01486_brightness_0.jpg,0.3,-0.8,
rivian1-01486_blur_0.jpg,0.3,0.8,
rivian1-01486_brightness_1.jpg,0.3,-0.8,
rivian1-01486_blur_1.jpg,0.3,0.8,
rivian1-01487_brightness_0.jpg,0.3,-0.8,
rivian1-01487_blur_0.jpg,0.3,0.8,
rivian1-01487_brightness_1.jpg,0.3,-0.8,
rivian1-01487_blur_1.jpg,0.3,0.8,
rivian1-01488_brightness_0.jpg,0.3,-0.8,
rivian1-01488_blur_0.jpg,0.3,0.8,
rivian1-01488_brightness_1.jpg,0.3,-0.8,
rivian1-01488_blur_1.jpg,0.3,0.8,
rivian1-01489_brightness_0.jpg,0.3,-0.8,
rivian1-01489_blur_0.jpg,0.3,0.8,
rivian1-01489_brightness_1.jpg,0.3,-0.8,
rivian1-01489_blur_1.jpg,0.3,0.8,
rivian1-01490_brightness_0.jpg,0.3,-0.8,
rivian1-01490_blur_0.jpg,0.3,0.8,
rivian1-01490_brightness_1.jpg,0.3,-0.8,
rivian1-01490_blur_1.jpg,0.3,0.8,
rivian1-01496_brightness_0.jpg,0.3,0.8,
rivian1-01496_blur_0.jpg,0.3,-0.8,
rivian1-01496_brightness_1.jpg,0.3,0.8,
rivian1-01496_blur_1.jpg,0.3,-0.8,
rivian1-01527_brightness_0.jpg,0.3,0.8,
rivian1-01527_blur_0.jpg,0.3,-0.8,
rivian1-01527_brightness_1.jpg,0.3,0.8,
rivian1-01527_blur_1.jpg,0.3,-0.8,
rivian1-01528_brightness_0.jpg,0.3,0.8,
rivian1-01528_blur_0.jpg,0.3,-0.8,
rivian1-01528_brightness_1.jpg,0.3,0.8,
rivian1-01528_blur_1.jpg,0.3,-0.8,
rivian1-01529_brightness_0.jpg,0.3,0.8,
rivian1-01529_blur_0.jpg,0.3,-0.8,
rivian1-01529_brightness_1.jpg,0.3,0.8,
rivian1-01529_blur_1.jpg,0.3,-0.8,
rivian1-01530_brightness_0.jpg,0.3,0.8,
rivian1-01530_blur_0.jpg,0.3,-0.8,
rivian1-01530_brightness_1.jpg,0.3,0.8,
rivian1-01530_blur_1.jpg,0.3,-0.8,
rivian1-01531_brightness_0.jpg,0.3,0.8,
rivian1-01531_blur_0.jpg,0.3,-0.8,
rivian1-01531_brightness_1.jpg,0.3,0.8,
rivian1-01531_blur_1.jpg,0.3,-0.8,
rivian1-01532_brightness_0.jpg,0.3,0.8,
rivian1-01532_blur_0.jpg,0.3,-0.8,
rivian1-01532_brightness_1.jpg,0.3,0.8,
rivian1-01532_blur_1.jpg,0.3,-0.8,
rivian1-01533_brightness_0.jpg,0.3,0.8,
rivian1-01533_blur_0.jpg,0.3,-0.8,
rivian1-01533_brightness_1.jpg,0.3,0.8,
rivian1-01533_blur_1.jpg,0.3,-0.8,
rivian1-01534_brightness_0.jpg,0.3,0.8,
rivian1-01534_blur_0.jpg,0.3,-0.8,
rivian1-01534_brightness_1.jpg,0.3,0.8,
rivian1-01534_blur_1.jpg,0.3,-0.8,
rivian1-01535_brightness_0.jpg,0.3,0.8,
rivian1-01535_blur_0.jpg,0.3,-0.8,
rivian1-01535_brightness_1.jpg,0.3,0.8,
rivian1-01535_blur_1.jpg,0.3,-0.8,
rivian1-01536_brightness_0.jpg,0.3,0.8,
rivian1-01536_blur_0.jpg,0.3,-0.8,
rivian1-01536_brightness_1.jpg,0.3,0.8,
rivian1-01536_blur_1.jpg,0.3,-0.8,
rivian1-01537_brightness_0.jpg,0.3,0.8,
rivian1-01537_blur_0.jpg,0.3,-0.8,
rivian1-01537_brightness_1.jpg,0.3,0.8,
rivian1-01537_blur_1.jpg,0.3,-0.8,
rivian1-01540_brightness_0.jpg,0.3,-0.8,
rivian1-01540_blur_0.jpg,0.3,0.8,
rivian1-01540_brightness_1.jpg,0.3,-0.8,
rivian1-01540_blur_1.jpg,0.3,0.8,
rivian1-01541_brightness_0.jpg,0.3,-0.8,
rivian1-01541_blur_0.jpg,0.3,0.8,
rivian1-01541_brightness_1.jpg,0.3,-0.8,
rivian1-01541_blur_1.jpg,0.3,0.8,
rivian1-01542_brightness_0.jpg,0.3,-0.8,
rivian1-01542_blur_0.jpg,0.3,0.8,
rivian1-01542_brightness_1.jpg,0.3,-0.8,
rivian1-01542_blur_1.jpg,0.3,0.8,
rivian1-01543_brightness_0.jpg,0.3,-0.8,
rivian1-01543_blur_0.jpg,0.3,0.8,
rivian1-01543_brightness_1.jpg,0.3,-0.8,
rivian1-01543_blur_1.jpg,0.3,0.8,
rivian1-01544_brightness_0.jpg,0.3,-0.8,
rivian1-01544_blur_0.jpg,0.3,0.8,
rivian1-01544_brightness_1.jpg,0.3,-0.8,
rivian1-01544_blur_1.jpg,0.3,0.8,
rivian1-01545_brightness_0.jpg,0.3,-0.8,
rivian1-01545_blur_0.jpg,0.3,0.8,
rivian1-01545_brightness_1.jpg,0.3,-0.8,
rivian1-01545_blur_1.jpg,0.3,0.8,
rivian1-01572_brightness_0.jpg,0.3,-0.8,
rivian1-01572_blur_0.jpg,0.3,0.8,
rivian1-01572_brightness_1.jpg,0.3,-0.8,
rivian1-01572_blur_1.jpg,0.3,0.8,
rivian1-01573_brightness_0.jpg,0.3,-0.8,
rivian1-01573_blur_0.jpg,0.3,0.8,
rivian1-01573_brightness_1.jpg,0.3,-0.8,
rivian1-01573_blur_1.jpg,0.3,0.8,
rivian1-01574_brightness_0.jpg,0.3,-0.8,
rivian1-01574_blur_0.jpg,0.3,0.8,
rivian1-01574_brightness_1.jpg,0.3,-0.8,
rivian1-01574_blur_1.jpg,0.3,0.8,
rivian1-01575_brightness_0.jpg,0.3,-0.8,
rivian1-01575_blur_0.jpg,0.3,0.8,
rivian1-01575_brightness_1.jpg,0.3,-0.8,
rivian1-01575_blur_1.jpg,0.3,0.8,
rivian1-01576_brightness_0.jpg,0.3,-0.8,
rivian1-01576_blur_0.jpg,0.3,0.8,
rivian1-01576_brightness_1.jpg,0.3,-0.8,
rivian1-01576_blur_1.jpg,0.3,0.8,
rivian1-01577_brightness_0.jpg,0.3,-0.8,
rivian1-01577_blur_0.jpg,0.3,0.8,
rivian1-01577_brightness_1.jpg,0.3,-0.8,
rivian1-01577_blur_1.jpg,0.3,0.8,
rivian1-01578_brightness_0.jpg,0.3,-0.8,
rivian1-01578_blur_0.jpg,0.3,0.8,
rivian1-01578_brightness_1.jpg,0.3,-0.8,
rivian1-01578_blur_1.jpg,0.3,0.8,
rivian1-01579_brightness_0.jpg,0.3,-0.8,
rivian1-01579_blur_0.jpg,0.3,0.8,
rivian1-01579_brightness_1.jpg,0.3,-0.8,
rivian1-01579_blur_1.jpg,0.3,0.8,
rivian1-01580_brightness_0.jpg,0.3,-0.8,
rivian1-01580_blur_0.jpg,0.3,0.8,
rivian1-01580_brightness_1.jpg,0.3,-0.8,
rivian1-01580_blur_1.jpg,0.3,0.8,
rivian1-01581_brightness_0.jpg,0.3,-0.8,
rivian1-01581_blur_0.jpg,0.3,0.8,
rivian1-01581_brightness_1.jpg,0.3,-0.8,
rivian1-01581_blur_1.jpg,0.3,0.8,
rivian1-01582_brightness_0.jpg,0.3,-0.8,
rivian1-01582_blur_0.jpg,0.3,0.8,
rivian1-01582_brightness_1.jpg,0.3,-0.8,
rivian1-01582_blur_1.jpg,0.3,0.8,
rivian1-01587_brightness_0.jpg,0.3,0.8,
rivian1-01587_blur_0.jpg,0.3,-0.8,
rivian1-01587_brightness_1.jpg,0.3,0.8,
rivian1-01587_blur_1.jpg,0.3,-0.8,
rivian1-01588_brightness_0.jpg,0.3,0.8,
rivian1-01588_blur_0.jpg,0.3,-0.8,
rivian1-01588_brightness_1.jpg,0.3,0.8,
rivian1-01588_blur_1.jpg,0.3,-0.8,
rivian1-01589_brightness_0.jpg,0.3,0.8,
rivian1-01589_blur_0.jpg,0.3,-0.8,
rivian1-01589_brightness_1.jpg,0.3,0.8,
rivian1-01589_blur_1.jpg,0.3,-0.8,
rivian1-01590_brightness_0.jpg,0.3,0.8,
rivian1-01590_blur_0.jpg,0.3,-0.8,
rivian1-01590_brightness_1.jpg,0.3,0.8,
rivian1-01590_blur_1.jpg,0.3,-0.8,
rivian1-01591_brightness_0.jpg,0.3,0.8,
rivian1-01591_blur_0.jpg,0.3,-0.8,
rivian1-01591_brightness_1.jpg,0.3,0.8,
rivian1-01591_blur_1.jpg,0.3,-0.8,
rivian1-01619_brightness_0.jpg,0.3,0.8,
rivian1-01619_blur_0.jpg,0.3,-0.8,
rivian1-01619_brightness_1.jpg,0.3,0.8,
rivian1-01619_blur_1.jpg,0.3,-0.8,
rivian1-01620_brightness_0.jpg,0.3,0.8,
rivian1-01620_blur_0.jpg,0.3,-0.8,
rivian1-01620_brightness_1.jpg,0.3,0.8,
rivian1-01620_blur_1.jpg,0.3,-0.8,
rivian1-01621_brightness_0.jpg,0.3,0.8,
rivian1-01621_blur_0.jpg,0.3,-0.8,
rivian1-01621_brightness_1.jpg,0.3,0.8,
rivian1-01621_blur_1.jpg,0.3,-0.8,
rivian1-01622_brightness_0.jpg,0.3,0.8,
rivian1-01622_blur_0.jpg,0.3,-0.8,
rivian1-01622_brightness_1.jpg,0.3,0.8,
rivian1-01622_blur_1.jpg,0.3,-0.8,
rivian1-01623_brightness_0.jpg,0.3,0.8,
rivian1-01623_blur_0.jpg,0.3,-0.8,
rivian1-01623_brightness_1.jpg,0.3,0.8,
rivian1-01623_blur_1.jpg,0.3,-0.8,
rivian1-01624_brightness_0.jpg,0.3,0.8,
rivian1-01624_blur_0.jpg,0.3,-0.8,
rivian1-01624_brightness_1.jpg,0.3,0.8,
rivian1-01624_blur_1.jpg,0.3,-0.8,
rivian1-01625_brightness_0.jpg,0.3,0.8,
rivian1-01625_blur_0.jpg,0.3,-0.8,
rivian1-01625_brightness_1.jpg,0.3,0.8,
rivian1-01625_blur_1.jpg,0.3,-0.8,
rivian1-01626_brightness_0.jpg,0.3,0.8,
rivian1-01626_blur_0.jpg,0.3,-0.8,
rivian1-01626_brightness_1.jpg,0.3,0.8,
rivian1-01626_blur_1.jpg,0.3,-0.8,
rivian1-01627_brightness_0.jpg,0.3,0.8,
rivian1-01627_blur_0.jpg,0.3,-0.8,
rivian1-01627_brightness_1.jpg,0.3,0.8,
rivian1-01627_blur_1.jpg,0.3,-0.8,
rivian1-01630_brightness_0.jpg,0.3,-0.8,
rivian1-01630_blur_0.jpg,0.3,0.8,
rivian1-01630_brightness_1.jpg,0.3,-0.8,
rivian1-01630_blur_1.jpg,0.3,0.8,
